split,wer,cer
dev,0.10825037786000938,0.04540934703347697
