split,wer,cer
dev,0.09055610569656539,0.037235154636546745
